ape,species
Abdul Noor,gorilla
Abigail,bonobo
Aileen,bonobo
Airiana,bonobo
Alan,gorilla
Alexander,orangutan
Alexandra,bonobo
Alexia,chimp
Alexis,bonobo
Alicia,chimpanzee
Amanda,gorilla
Andrew,bonobo
Angela,orangutan
Angelina,bonobo
Annie,bonobo
Anthony,gorilla
Ashley,gorilla
Asia,bonobo
Augusto,orangutan
Auriel,bonobo
Auston,gorilla
Badraan,bonobo
Baleria,chimpanzee
Benjamin,orangutan
Bianca,gorilla
Blake,orangutan
Bobby,chimpanzee
Bradley,chimp
Brandon,bonobo
Breann,orangutan
Brian,chimpanzee
Brianna,gorilla
Bridger,orangutan
Cameron,gorilla
Carlos,chimp
Casey,orangutan
Chad,bonobo
Charleen,chimpanzee
Charline,chimpanzee
Charlotte,gorilla
Chelsie,orangutan
Christopher,chimp
Clayton,gorilla
Cole,chimpanzee
Courtney,chimpanzee
Curtis,bonobo
Dae'Quan,chimp
Dah'Som,gorilla
Damien,chimp
Daniel,chimp
De'Vonta,gorilla
Deja Loa,gorilla
Dhaafir,chimp
Dolma,chimpanzee
Dominique,gorilla
Elandra,bonobo
Eli,chimpanzee
Eric,chimp
Faarooq,gorilla
Faheem,gorilla
Francisco,gorilla
Franklin,bonobo
Fred,gorilla
Fuaad,orangutan
Haaroon,chimpanzee
Haazima,orangutan
Hamaama,chimpanzee
Hannah,gorilla
Hershel,orangutan
Hishma,chimp
Isaiah,gorilla
Jacob,gorilla
Jade,orangutan
Jakob,bonobo
"Jam,Aan",chimp
Jannie,chimpanzee
Jawney,bonobo
Jeffrey,chimpanzee
Jeremiah,chimp
Jerrell,orangutan
Jesse,bonobo
Jessica,bonobo
Joel,chimpanzee
Jordan,orangutan
Jorge,bonobo
Justice,chimpanzee
Justin,bonobo
Kaela,chimpanzee
Kallie,bonobo
Kayla,chimpanzee
Kayleigh,chimpanzee
Kelia,chimpanzee
Kelly,chimp
Kendell,bonobo
Kevin,chimp
Kimiko,orangutan
Kirsten,chimp
Kristina,bonobo
Lacresha,chimp
Layla,chimpanzee
Levi,orangutan
Lily,gorilla
Lincoln,gorilla
Logan,gorilla
"Ma,Roof",chimp
Madalyn,orangutan
Maisara,chimp
Malia,chimpanzee
Malissa,orangutan
Mara,gorilla
Mario,bonobo
Marisa,gorilla
Marshall,orangutan
Matthew,chimp
Micah,orangutan
Micha,chimp
Mu'hsina,bonobo
Mufeed,gorilla
Muna,gorilla
Murshid,gorilla
Nadia,chimpanzee
Nazmi,bonobo
Nicholas,chimp
Niki,chimpanzee
Noah,orangutan
Omar,chimpanzee
Orin,orangutan
Paige,gorrila
Patrick,gorilla
Paula,chimp
Quinn,bonobo
Rafael,gorilla
Raul,chimp
Rebecca,orangutan
Richard,chimp
Robert,bonobo
Ruben,gorilla
Sakeen,gorilla
Samantha,chimp
Sandra,orangutan
Saraya,bonobo
Sayan,orangutan
Shakeela,chimp
Shanique,orangutan
Shannon,gorilla
Shaquasia,orangutan
Shaun,gorilla
Shayla,gorilla
Sheanne,chimpanzee
Shina,gorilla
Siddeeqa,bonobo
Stephanie,gorilla
Sufyaan,chimpanzee
Ta'Tiana,chimp
Tabatha,bonobo
Talaal,gorilla
Teresa,bonobo
Timothy,chimpanzee
Tinaj,chimp
Tommy,bonobo
Travis,gorilla
Tulaiha,gorilla
Tyler,bonobo
Victoria,gorilla
Walter,orangutan
Waseef,gorilla
William,orangutan
Yen,gorilla
